Year,Quarter,Month,Day,Sum of Profit
2011,Qtr 2,May,31,($22421.58)
2011,Qtr 2,June,1,$5778.68
2011,Qtr 2,June,2,$5840.29
2011,Qtr 2,June,3,$2813.95
2011,Qtr 2,June,4,$5840.29
2011,Qtr 2,June,5,$5627.90
2011,Qtr 2,June,6,$3026.34
2011,Qtr 2,June,7,$3026.34
2011,Qtr 2,June,8,$8673.49
2011,Qtr 2,June,9,$4301.79
2011,Qtr 2,June,10,$5627.90
2011,Qtr 2,June,11,$5708.76
2011,Qtr 2,June,12,$2813.95
2011,Qtr 2,June,13,$9848.83
2011,Qtr 2,June,14,$4503.24
2011,Qtr 2,June,15,$5627.90
2011,Qtr 2,June,16,$5708.76
2011,Qtr 2,June,17,$2883.87
2011,Qtr 2,June,18,$10142.08
2011,Qtr 2,June,19,$4514.18
2011,Qtr 2,June,20,$5627.90
2011,Qtr 2,June,21,$15940.01
2011,Qtr 2,June,22,$5840.29
2011,Qtr 2,June,23,$4220.93
2011,Qtr 2,June,24,$4433.32
2011,Qtr 2,June,25,$7196.60
2011,Qtr 2,June,26,$11476.51
2011,Qtr 2,June,27,$7741.97
2011,Qtr 2,June,28,$7104.80
2011,Qtr 2,June,29,$6050.05
2011,Qtr 2,June,30,$5840.29
2011,Qtr 3,July,1,$33288.45
2011,Qtr 3,July,2,$4220.93
2011,Qtr 3,July,3,$4503.24
2011,Qtr 3,July,4,$7196.60
2011,Qtr 3,July,5,$6052.69
2011,Qtr 3,July,6,$10222.94
2011,Qtr 3,July,7,$5627.90
2011,Qtr 3,July,8,$4514.18
2011,Qtr 3,July,9,$5767.74
2011,Qtr 3,July,10,$8592.63
2011,Qtr 3,July,11,$7034.88
2011,Qtr 3,July,12,$8441.85
2011,Qtr 3,July,13,$4715.63
2011,Qtr 3,July,14,$5627.90
2011,Qtr 3,July,15,$8603.57
2011,Qtr 3,July,17,$1406.98
2011,Qtr 3,July,18,$8511.77
2011,Qtr 3,July,19,$6477.47
2011,Qtr 3,July,20,$8511.77
2011,Qtr 3,July,21,$11465.57
2011,Qtr 3,July,22,$7104.80
2011,Qtr 3,July,23,$4290.85
2011,Qtr 3,July,24,$11629.92
2011,Qtr 3,July,25,$3096.26
2011,Qtr 3,July,26,$10010.55
2011,Qtr 3,July,27,$2813.95
2011,Qtr 3,July,28,$2813.95
2011,Qtr 3,July,29,$7741.97
2011,Qtr 3,July,30,$10010.55
2011,Qtr 3,July,31,$8651.61
2011,Qtr 3,August,1,$31519.03
2011,Qtr 3,August,2,$14069.76
2011,Qtr 3,August,3,$4433.32
2011,Qtr 3,August,4,$8603.57
2011,Qtr 3,August,5,$4220.93
2011,Qtr 3,August,6,$8654.25
2011,Qtr 3,August,7,$5840.29
2011,Qtr 3,August,8,$4220.93
2011,Qtr 3,August,9,$10069.53
2011,Qtr 3,August,10,$4220.93
2011,Qtr 3,August,12,$2894.81
2011,Qtr 3,August,13,$3308.65
2011,Qtr 3,August,14,$7034.88
2011,Qtr 3,August,15,$5627.90
2011,Qtr 3,August,16,$5840.29
2011,Qtr 3,August,17,$5789.62
2011,Qtr 3,August,18,$7034.88
2011,Qtr 3,August,19,$10142.08
2011,Qtr 3,August,20,$2813.95
2011,Qtr 3,August,21,$9098.28
2011,Qtr 3,August,22,$8441.85
2011,Qtr 3,August,23,$8654.25
2011,Qtr 3,August,24,$4220.93
2011,Qtr 3,August,25,$4220.93
2011,Qtr 3,August,26,$5840.29
2011,Qtr 3,August,27,$10486.01
2011,Qtr 3,August,28,$1619.37
2011,Qtr 3,August,29,$212.39
2011,Qtr 3,August,30,$14069.76
2011,Qtr 3,August,31,($149.40)
2011,Qtr 3,September,1,$4290.85
2011,Qtr 3,September,2,$5627.90
2011,Qtr 3,September,3,$2813.95
2011,Qtr 3,September,4,$10292.86
2011,Qtr 3,September,5,$3096.26
2011,Qtr 3,September,6,$4433.32
2011,Qtr 3,September,7,$13249.29
2011,Qtr 3,September,8,$11538.12
2011,Qtr 3,September,9,$7034.88
2011,Qtr 3,September,10,$11465.57
2011,Qtr 3,September,11,$17034.49
2011,Qtr 3,September,12,$7408.99
2011,Qtr 3,September,13,$4220.93
2011,Qtr 3,September,14,$2883.87
2011,Qtr 3,September,15,$7387.11
2011,Qtr 3,September,16,$4290.85
2011,Qtr 3,September,17,$11336.67
2011,Qtr 3,September,18,$5840.29
2011,Qtr 3,September,19,$8441.85
2011,Qtr 3,September,20,$4220.93
2011,Qtr 3,September,21,$4514.18
2011,Qtr 3,September,22,$5840.29
2011,Qtr 3,September,24,$1406.98
2011,Qtr 3,September,25,$2813.95
2011,Qtr 3,September,26,$11680.59
2011,Qtr 3,September,27,$5840.29
2011,Qtr 3,September,28,$9442.20
2011,Qtr 3,September,29,$8735.11
2011,Qtr 3,September,30,$2953.79
2011,Qtr 4,October,1,$31954.42
2011,Qtr 4,October,2,$4220.93
2011,Qtr 4,October,3,$5778.68
2011,Qtr 4,October,4,$7328.13
2011,Qtr 4,October,5,$8735.11
2011,Qtr 4,October,6,$7185.66
2011,Qtr 4,October,7,$10273.61
2011,Qtr 4,October,8,$11255.81
2011,Qtr 4,October,9,$5627.90
2011,Qtr 4,October,10,$8794.09
2011,Qtr 4,October,11,$8441.85
2011,Qtr 4,October,12,$7459.66
2011,Qtr 4,October,13,$11649.17
2011,Qtr 4,October,14,$11688.90
2011,Qtr 4,October,15,$6122.61
2011,Qtr 4,October,16,$9918.75
2011,Qtr 4,October,17,$4433.32
2011,Qtr 4,October,18,$4301.79
2011,Qtr 4,October,19,$7247.27
2011,Qtr 4,October,20,$5921.15
2011,Qtr 4,October,21,$8603.57
2011,Qtr 4,October,22,$1619.37
2011,Qtr 4,October,23,$4433.32
2011,Qtr 4,October,24,$9988.67
2011,Qtr 4,October,25,$4290.85
2011,Qtr 4,October,26,$7247.27
2011,Qtr 4,October,27,$3026.34
2011,Qtr 4,October,28,$8896.83
2011,Qtr 4,October,29,$7034.88
2011,Qtr 4,October,30,$7247.27
2011,Qtr 4,October,31,$25085.87
2011,Qtr 4,November,1,$10131.14
2011,Qtr 4,November,2,$14220.54
2011,Qtr 4,November,3,$5921.15
2011,Qtr 4,November,4,$8581.69
2011,Qtr 4,November,5,$7034.88
2011,Qtr 4,November,6,$8522.71
2011,Qtr 4,November,7,$22303.80
2011,Qtr 4,November,8,$7115.74
2011,Qtr 4,November,9,$2813.95
2011,Qtr 4,November,10,$14282.15
2011,Qtr 4,November,11,$5627.90
2011,Qtr 4,November,12,$15918.13
2011,Qtr 4,November,13,$7104.80
2011,Qtr 4,November,14,$15839.91
2011,Qtr 4,November,15,$8724.17
2011,Qtr 4,November,16,$4503.24
2011,Qtr 4,November,17,$8441.85
2011,Qtr 4,November,18,$16264.69
2011,Qtr 4,November,19,$11677.96
2011,Qtr 4,November,20,$10566.87
2011,Qtr 4,November,21,$8654.25
2011,Qtr 4,November,22,$10061.22
2011,Qtr 4,November,23,$5840.29
2011,Qtr 4,November,24,$7529.58
2011,Qtr 4,November,25,$10131.14
2011,Qtr 4,November,26,$5627.90
2011,Qtr 4,November,27,$10566.87
2011,Qtr 4,November,28,$11395.65
2011,Qtr 4,November,29,$10080.47
2011,Qtr 4,November,30,$8654.25
2011,Qtr 4,December,1,$3427.42
2011,Qtr 4,December,2,$5627.90
2011,Qtr 4,December,3,$11476.51
2011,Qtr 4,December,4,$7115.74
2011,Qtr 4,December,5,$3026.34
2011,Qtr 4,December,6,$8511.77
2011,Qtr 4,December,7,$3238.73
2011,Qtr 4,December,8,$10212.00
2011,Qtr 4,December,9,$7034.88
2011,Qtr 4,December,10,$5697.82
2011,Qtr 4,December,11,$12883.48
2011,Qtr 4,December,12,$9848.83
2011,Qtr 4,December,13,$3026.34
2011,Qtr 4,December,14,$12905.36
2011,Qtr 4,December,15,$8944.87
2011,Qtr 4,December,16,$9999.61
2011,Qtr 4,December,17,$10212.00
2011,Qtr 4,December,18,$6052.69
2011,Qtr 4,December,19,$7247.27
2011,Qtr 4,December,20,$8441.85
2011,Qtr 4,December,21,$10010.55
2011,Qtr 4,December,22,$12894.42
2011,Qtr 4,December,23,$4220.93
2011,Qtr 4,December,24,$10142.08
2011,Qtr 4,December,25,$2044.15
2011,Qtr 4,December,26,$7185.66
2011,Qtr 4,December,27,$5921.15
2011,Qtr 4,December,28,$6122.61
2011,Qtr 4,December,29,$4514.18
2011,Qtr 4,December,30,$10486.01
2011,Qtr 4,December,31,$8794.09
2012,Qtr 1,January,1,$23314.22
2012,Qtr 1,January,2,$7247.27
2012,Qtr 1,January,3,$9918.75
2012,Qtr 1,January,4,$6265.08
2012,Qtr 1,January,5,$8662.55
2012,Qtr 1,January,6,$9372.28
2012,Qtr 1,January,7,$8592.63
2012,Qtr 1,January,8,$5697.82
2012,Qtr 1,January,9,$4220.93
2012,Qtr 1,January,10,$14220.54
2012,Qtr 1,January,11,$15689.13
2012,Qtr 1,January,12,$4290.85
2012,Qtr 1,January,13,$9999.61
2012,Qtr 1,January,14,$8866.64
2012,Qtr 1,January,15,$8441.85
2012,Qtr 1,January,16,$3107.20
2012,Qtr 1,January,17,$5627.90
2012,Qtr 1,January,18,$2813.95
2012,Qtr 1,January,19,$7247.27
2012,Qtr 1,January,20,$5840.29
2012,Qtr 1,January,21,$1406.98
2012,Qtr 1,January,22,$14220.54
2012,Qtr 1,January,23,$7034.88
2012,Qtr 1,January,24,$11468.20
2012,Qtr 1,January,25,$3451.13
2012,Qtr 1,January,26,$15759.05
2012,Qtr 1,January,27,$4220.93
2012,Qtr 1,January,28,$7104.80
2012,Qtr 1,January,29,$26913.99
2012,Qtr 1,January,30,$8735.11
2012,Qtr 1,January,31,$9148.95
2012,Qtr 1,February,1,$10131.14
2012,Qtr 1,February,2,$4220.93
2012,Qtr 1,February,3,$11549.06
2012,Qtr 1,February,4,$11699.84
2012,Qtr 1,February,5,$5767.74
2012,Qtr 1,February,6,$7247.27
2012,Qtr 1,February,7,$2813.95
2012,Qtr 1,February,8,$8662.55
2012,Qtr 1,February,9,$5921.15
2012,Qtr 1,February,10,$13165.79
2012,Qtr 1,February,11,$4514.18
2012,Qtr 1,February,12,$11820.43
2012,Qtr 1,February,13,$7034.88
2012,Qtr 1,February,14,$10597.05
2012,Qtr 1,February,15,$8866.64
2012,Qtr 1,February,16,$4433.32
2012,Qtr 1,February,17,$12824.50
2012,Qtr 1,February,18,$5627.90
2012,Qtr 1,February,19,$8662.55
2012,Qtr 1,February,20,$7104.80
2012,Qtr 1,February,21,$17104.41
2012,Qtr 1,February,22,$7104.80
2012,Qtr 1,February,23,$10354.47
2012,Qtr 1,February,24,$4220.93
2012,Qtr 1,February,25,$11255.81
2012,Qtr 1,February,26,$8511.77
2012,Qtr 1,February,27,$5627.90
2012,Qtr 1,February,28,$5778.68
2012,Qtr 1,February,29,($799.79)
2012,Qtr 1,March,1,$4301.79
2012,Qtr 1,March,2,$11538.12
2012,Qtr 1,March,3,$9988.67
2012,Qtr 1,March,4,$7104.80
2012,Qtr 1,March,5,$5921.15
2012,Qtr 1,March,6,$10413.45
2012,Qtr 1,March,7,$4220.93
2012,Qtr 1,March,8,$7034.88
2012,Qtr 1,March,9,$5910.21
2012,Qtr 1,March,10,$8662.55
2012,Qtr 1,March,11,$14634.38
2012,Qtr 1,March,12,$5778.68
2012,Qtr 1,March,13,$3026.34
2012,Qtr 1,March,14,$18441.47
2012,Qtr 1,March,15,$10161.33
2012,Qtr 1,March,16,$12824.50
2012,Qtr 1,March,17,$8654.25
2012,Qtr 1,March,18,$4503.24
2012,Qtr 1,March,19,$13227.41
2012,Qtr 1,March,20,$5991.07
2012,Qtr 1,March,21,$5708.76
2012,Qtr 1,March,22,$12956.03
2012,Qtr 1,March,23,$4503.24
2012,Qtr 1,March,24,$9098.28
2012,Qtr 1,March,25,$5627.90
2012,Qtr 1,March,26,$12732.70
2012,Qtr 1,March,27,$6265.08
2012,Qtr 1,March,28,$15627.51
2012,Qtr 1,March,29,$16122.22
2012,Qtr 1,March,30,$34307.97
2012,Qtr 1,March,31,$7034.88
2012,Qtr 2,April,1,$4645.71
2012,Qtr 2,April,2,$15627.51
2012,Qtr 2,April,3,$4796.49
2012,Qtr 2,April,4,$9299.73
2012,Qtr 2,April,5,$5991.07
2012,Qtr 2,April,6,$13025.95
2012,Qtr 2,April,7,$8511.77
2012,Qtr 2,April,8,$3096.26
2012,Qtr 2,April,9,$5778.68
2012,Qtr 2,April,10,$12732.70
2012,Qtr 2,April,11,$16214.02
2012,Qtr 2,April,12,$8581.69
2012,Qtr 2,April,13,$8654.25
2012,Qtr 2,April,14,$12032.82
2012,Qtr 2,April,15,$12894.42
2012,Qtr 2,April,16,$11336.67
2012,Qtr 2,April,17,$6203.47
2012,Qtr 2,April,18,$8522.71
2012,Qtr 2,April,19,$8511.77
2012,Qtr 2,April,20,$8511.77
2012,Qtr 2,April,21,$9988.67
2012,Qtr 2,April,22,$9391.53
2012,Qtr 2,April,23,$11618.98
2012,Qtr 2,April,24,$7247.27
2012,Qtr 2,April,25,$5910.21
2012,Qtr 2,April,26,$5910.21
2012,Qtr 2,April,27,$1406.98
2012,Qtr 2,April,28,$8724.17
2012,Qtr 2,April,29,$3096.26
2012,Qtr 2,April,30,($648552.19)
2012,Qtr 2,May,1,$15769.99
2012,Qtr 2,May,2,$3096.26
2012,Qtr 2,May,3,$8805.03
2012,Qtr 2,May,4,$7328.13
2012,Qtr 2,May,5,$9999.61
2012,Qtr 2,May,6,$10292.86
2012,Qtr 2,May,7,$11325.73
2012,Qtr 2,May,8,$7196.60
2012,Qtr 2,May,9,$10212.00
2012,Qtr 2,May,10,$7115.74
2012,Qtr 2,May,11,$13450.74
2012,Qtr 2,May,12,$3389.51
2012,Qtr 2,May,13,$5789.62
2012,Qtr 2,May,14,$6052.69
2012,Qtr 2,May,15,$2813.95
2012,Qtr 2,May,16,$7247.27
2012,Qtr 2,May,17,$10849.18
2012,Qtr 2,May,18,$16041.36
2012,Qtr 2,May,19,$8805.03
2012,Qtr 2,May,20,$11538.12
2012,Qtr 2,May,21,$7115.74
2012,Qtr 2,May,22,$17822.44
2012,Qtr 2,May,23,$8735.11
2012,Qtr 2,May,24,$7115.74
2012,Qtr 2,May,25,$9988.67
2012,Qtr 2,May,26,$12732.70
2012,Qtr 2,May,27,$5910.21
2012,Qtr 2,May,28,$11395.65
2012,Qtr 2,May,29,$7408.99
2012,Qtr 2,May,30,($135870.91)
2012,Qtr 2,May,31,$1210.26
2012,Qtr 2,June,1,$9773.85
2012,Qtr 2,June,2,$5712.64
2012,Qtr 2,June,3,$7170.42
2012,Qtr 2,June,4,$8053.92
2012,Qtr 2,June,5,$5820.46
2012,Qtr 2,June,6,$4526.09
2012,Qtr 2,June,7,$4249.16
2012,Qtr 2,June,8,$3056.05
2012,Qtr 2,June,9,$6965.96
2012,Qtr 2,June,10,$5660.55
2012,Qtr 2,June,11,$7566.77
2012,Qtr 2,June,12,$7373.55
2012,Qtr 2,June,13,$2772.03
2012,Qtr 2,June,14,$4076.99
2012,Qtr 2,June,15,$8561.69
2012,Qtr 2,June,16,$3915.26
2012,Qtr 2,June,17,$5297.60
2012,Qtr 2,June,18,$6065.01
2012,Qtr 2,June,19,$7170.67
2012,Qtr 2,June,20,$5280.15
2012,Qtr 2,June,21,$5323.20
2012,Qtr 2,June,22,$3677.07
2012,Qtr 2,June,23,$6103.64
2012,Qtr 2,June,24,$3271.19
2012,Qtr 2,June,25,$7114.34
2012,Qtr 2,June,26,$2973.00
2012,Qtr 2,June,27,$4314.28
2012,Qtr 2,June,28,$5795.34
2012,Qtr 2,June,29,$6755.62
2012,Qtr 2,June,30,($168976.15)
2012,Qtr 3,July,1,$4788.32
2012,Qtr 3,July,2,$3727.31
2012,Qtr 3,July,3,$7029.87
2012,Qtr 3,July,4,$5450.65
2012,Qtr 3,July,5,$8749.64
2012,Qtr 3,July,6,$7328.59
2012,Qtr 3,July,7,$4861.77
2012,Qtr 3,July,8,$4999.89
2012,Qtr 3,July,9,$2337.70
2012,Qtr 3,July,10,$3238.81
2012,Qtr 3,July,11,$7044.89
2012,Qtr 3,July,12,$9300.47
2012,Qtr 3,July,13,$6382.07
2012,Qtr 3,July,14,$6978.98
2012,Qtr 3,July,15,$3459.06
2012,Qtr 3,July,16,$6680.26
2012,Qtr 3,July,17,$5781.06
2012,Qtr 3,July,18,$8086.30
2012,Qtr 3,July,19,$7235.62
2012,Qtr 3,July,20,$5954.93
2012,Qtr 3,July,21,$6745.27
2012,Qtr 3,July,22,$3610.21
2012,Qtr 3,July,23,$7000.25
2012,Qtr 3,July,24,$6829.50
2012,Qtr 3,July,25,$6767.25
2012,Qtr 3,July,26,$6517.02
2012,Qtr 3,July,27,$5278.48
2012,Qtr 3,July,28,$4100.69
2012,Qtr 3,July,29,$5604.47
2012,Qtr 3,July,30,$8333.17
2012,Qtr 3,July,31,($100877.02)
2012,Qtr 3,August,1,$3684.33
2012,Qtr 3,August,2,$5917.19
2012,Qtr 3,August,3,$3576.16
2012,Qtr 3,August,4,$2506.46
2012,Qtr 3,August,5,$2804.41
2012,Qtr 3,August,6,$1220.85
2012,Qtr 3,August,7,$6544.05
2012,Qtr 3,August,8,$5934.64
2012,Qtr 3,August,9,$5626.51
2012,Qtr 3,August,10,$5279.99
2012,Qtr 3,August,11,$3235.24
2012,Qtr 3,August,12,$6073.77
2012,Qtr 3,August,13,$6060.91
2012,Qtr 3,August,14,$2974.91
2012,Qtr 3,August,15,$2949.55
2012,Qtr 3,August,16,$2793.82
2012,Qtr 3,August,17,$6731.92
2012,Qtr 3,August,18,$4309.28
2012,Qtr 3,August,19,$3396.81
2012,Qtr 3,August,20,$3772.03
2012,Qtr 3,August,21,$2463.48
2012,Qtr 3,August,22,$2895.98
2012,Qtr 3,August,23,$5295.93
2012,Qtr 3,August,24,$3057.72
2012,Qtr 3,August,25,$7216.07
2012,Qtr 3,August,26,$1720.01
2012,Qtr 3,August,27,$1102.08
2012,Qtr 3,August,28,$4364.11
2012,Qtr 3,August,29,$4565.92
2012,Qtr 3,August,30,($55186.60)
2012,Qtr 3,August,31,$4703.93
2012,Qtr 3,September,1,$5331.89
2012,Qtr 3,September,2,$3886.97
2012,Qtr 3,September,3,$1728.70
2012,Qtr 3,September,4,$4407.41
2012,Qtr 3,September,5,$4170.39
2012,Qtr 3,September,6,$4405.42
2012,Qtr 3,September,7,$2654.93
2012,Qtr 3,September,8,$2676.96
2012,Qtr 3,September,9,$5340.57
2012,Qtr 3,September,10,$6005.84
2012,Qtr 3,September,11,$8331.26
2012,Qtr 3,September,12,$4800.34
2012,Qtr 3,September,13,$3549.63
2012,Qtr 3,September,14,$4847.08
2012,Qtr 3,September,15,$4163.37
2012,Qtr 3,September,16,$5096.35
2012,Qtr 3,September,17,$7756.39
2012,Qtr 3,September,18,$4470.86
2012,Qtr 3,September,19,$6764.14
2012,Qtr 3,September,20,$4185.17
2012,Qtr 3,September,21,$4407.41
2012,Qtr 3,September,22,$6604.47
2012,Qtr 3,September,23,$4696.67
2012,Qtr 3,September,24,$5142.19
2012,Qtr 3,September,25,$2177.79
2012,Qtr 3,September,26,$3388.05
2012,Qtr 3,September,27,$3457.40
2012,Qtr 3,September,28,$8529.15
2012,Qtr 3,September,29,$2431.10
2012,Qtr 3,September,30,($116295.44)
2012,Qtr 4,October,1,$3154.10
2012,Qtr 4,October,2,$3737.74
2012,Qtr 4,October,3,$924.56
2012,Qtr 4,October,4,$2429.44
2012,Qtr 4,October,5,$5406.01
2012,Qtr 4,October,6,$2303.41
2012,Qtr 4,October,7,$4873.87
2012,Qtr 4,October,8,$2653.26
2012,Qtr 4,October,9,$4874.11
2012,Qtr 4,October,10,$7050.24
2012,Qtr 4,October,11,$3388.05
2012,Qtr 4,October,12,$2974.91
2012,Qtr 4,October,13,$3908.16
2012,Qtr 4,October,14,$2026.65
2012,Qtr 4,October,15,$5279.99
2012,Qtr 4,October,16,$2939.20
2012,Qtr 4,October,17,$3872.44
2012,Qtr 4,October,18,$2516.89
2012,Qtr 4,October,19,$6155.38
2012,Qtr 4,October,20,$3686.08
2012,Qtr 4,October,21,$2653.26
2012,Qtr 4,October,22,$2303.41
2012,Qtr 4,October,23,$6391.24
2012,Qtr 4,October,24,$5330.22
2012,Qtr 4,October,25,$3755.35
2012,Qtr 4,October,26,$4731.62
2012,Qtr 4,October,27,$4163.37
2012,Qtr 4,October,28,$3865.18
2012,Qtr 4,October,29,$5278.57
2012,Qtr 4,October,30,($62247.65)
2012,Qtr 4,October,31,$5263.55
2012,Qtr 4,November,1,$9206.61
2012,Qtr 4,November,2,$1380.76
2012,Qtr 4,November,3,$7134.79
2012,Qtr 4,November,4,$4400.39
2012,Qtr 4,November,5,$9019.91
2012,Qtr 4,November,6,$6550.67
2012,Qtr 4,November,7,$3703.69
2012,Qtr 4,November,8,$5941.06
2012,Qtr 4,November,9,$8627.55
2012,Qtr 4,November,10,$10770.12
2012,Qtr 4,November,11,$7499.17
2012,Qtr 4,November,12,$9109.70
2012,Qtr 4,November,13,$2973.24
2012,Qtr 4,November,14,$5413.35
2012,Qtr 4,November,15,$6091.38
2012,Qtr 4,November,16,$7155.14
2012,Qtr 4,November,17,$10479.74
2012,Qtr 4,November,18,$8610.18
2012,Qtr 4,November,19,$1890.27
2012,Qtr 4,November,20,$7238.43
2012,Qtr 4,November,21,$7304.97
2012,Qtr 4,November,22,$8162.75
2012,Qtr 4,November,23,$4014.75
2012,Qtr 4,November,24,$5859.10
2012,Qtr 4,November,25,$5278.32
2012,Qtr 4,November,26,$7545.80
2012,Qtr 4,November,27,$7547.85
2012,Qtr 4,November,28,$5638.52
2012,Qtr 4,November,29,$4034.02
2012,Qtr 4,November,30,($43624.46)
2012,Qtr 4,December,1,$7452.02
2012,Qtr 4,December,2,$4584.84
2012,Qtr 4,December,3,$6673.16
2012,Qtr 4,December,4,$4576.16
2012,Qtr 4,December,5,$1253.23
2012,Qtr 4,December,6,$5416.44
2012,Qtr 4,December,7,$5993.64
2012,Qtr 4,December,8,$6485.47
2012,Qtr 4,December,9,$5242.85
2012,Qtr 4,December,10,$4865.18
2012,Qtr 4,December,11,$4925.85
2012,Qtr 4,December,12,$6691.46
2012,Qtr 4,December,13,$4800.07
2012,Qtr 4,December,14,$5942.15
2012,Qtr 4,December,15,$7188.11
2012,Qtr 4,December,16,$4085.52
2012,Qtr 4,December,17,$4662.30
2012,Qtr 4,December,18,$3629.56
2012,Qtr 4,December,19,$5852.08
2012,Qtr 4,December,20,$4236.90
2012,Qtr 4,December,21,$5259.05
2012,Qtr 4,December,22,$7567.21
2012,Qtr 4,December,23,$4874.11
2012,Qtr 4,December,24,$2314.00
2012,Qtr 4,December,25,$7392.91
2012,Qtr 4,December,26,$2017.96
2012,Qtr 4,December,27,$4376.61
2012,Qtr 4,December,28,$4013.00
2012,Qtr 4,December,29,$3228.22
2012,Qtr 4,December,30,$6299.51
2012,Qtr 4,December,31,($109193.94)
2013,Qtr 1,January,1,$7001.91
2013,Qtr 1,January,2,$4159.88
2013,Qtr 1,January,3,$10584.85
2013,Qtr 1,January,4,$5882.79
2013,Qtr 1,January,5,$8059.36
2013,Qtr 1,January,6,$5850.17
2013,Qtr 1,January,7,$6220.58
2013,Qtr 1,January,8,$7928.80
2013,Qtr 1,January,9,$5562.81
2013,Qtr 1,January,10,$3026.65
2013,Qtr 1,January,11,$6969.86
2013,Qtr 1,January,12,$7340.77
2013,Qtr 1,January,13,$5903.27
2013,Qtr 1,January,14,$6542.23
2013,Qtr 1,January,15,$3205.83
2013,Qtr 1,January,16,$8825.08
2013,Qtr 1,January,17,$9088.98
2013,Qtr 1,January,18,$6414.70
2013,Qtr 1,January,19,$6084.61
2013,Qtr 1,January,20,$7313.74
2013,Qtr 1,January,21,$7177.68
2013,Qtr 1,January,22,$1517.13
2013,Qtr 1,January,23,$7060.67
2013,Qtr 1,January,24,$10504.30
2013,Qtr 1,January,25,$3831.38
2013,Qtr 1,January,26,$1540.59
2013,Qtr 1,January,27,$4721.30
2013,Qtr 1,January,28,($51738.03)
2013,Qtr 1,January,29,$7078.03
2013,Qtr 1,January,30,$3949.55
2013,Qtr 1,January,31,$4059.38
2013,Qtr 1,February,1,$11774.62
2013,Qtr 1,February,2,$3346.74
2013,Qtr 1,February,3,$4796.85
2013,Qtr 1,February,4,$8849.55
2013,Qtr 1,February,5,$3322.93
2013,Qtr 1,February,6,$3450.38
2013,Qtr 1,February,7,$4533.19
2013,Qtr 1,February,8,$12207.36
2013,Qtr 1,February,9,$5554.13
2013,Qtr 1,February,10,$5967.51
2013,Qtr 1,February,11,$4087.34
2013,Qtr 1,February,12,$4217.55
2013,Qtr 1,February,13,$6595.55
2013,Qtr 1,February,14,$10374.59
2013,Qtr 1,February,15,$7144.90
2013,Qtr 1,February,16,$5881.56
2013,Qtr 1,February,17,$2940.62
2013,Qtr 1,February,18,$3057.56
2013,Qtr 1,February,19,$4739.65
2013,Qtr 1,February,20,$2303.66
2013,Qtr 1,February,21,$3341.96
2013,Qtr 1,February,22,$4220.47
2013,Qtr 1,February,23,$2195.48
2013,Qtr 1,February,24,$9028.80
2013,Qtr 1,February,25,$6110.66
2013,Qtr 1,February,26,$7520.11
2013,Qtr 1,February,27,$7051.66
2013,Qtr 1,February,28,($55230.33)
2013,Qtr 1,March,1,$9673.94
2013,Qtr 1,March,2,$2633.99
2013,Qtr 1,March,3,$6838.51
2013,Qtr 1,March,4,$5958.18
2013,Qtr 1,March,5,$2625.06
2013,Qtr 1,March,6,$6831.49
2013,Qtr 1,March,7,$8510.69
2013,Qtr 1,March,8,$6764.14
2013,Qtr 1,March,9,$4791.38
2013,Qtr 1,March,10,$8970.22
2013,Qtr 1,March,11,$4552.22
2013,Qtr 1,March,12,$10278.54
2013,Qtr 1,March,13,$5070.66
2013,Qtr 1,March,14,$5890.16
2013,Qtr 1,March,15,$5061.74
2013,Qtr 1,March,16,$8325.69
2013,Qtr 1,March,17,$8028.21
2013,Qtr 1,March,18,$4042.95
2013,Qtr 1,March,19,$5008.66
2013,Qtr 1,March,20,$1802.82
2013,Qtr 1,March,21,$3016.41
2013,Qtr 1,March,22,$3269.53
2013,Qtr 1,March,23,$9943.11
2013,Qtr 1,March,24,$8552.19
2013,Qtr 1,March,25,$3989.38
2013,Qtr 1,March,26,$6907.77
2013,Qtr 1,March,27,$5211.22
2013,Qtr 1,March,28,$3377.46
2013,Qtr 1,March,29,$6211.89
2013,Qtr 1,March,30,($114726.75)
2013,Qtr 1,March,31,$7611.49
2013,Qtr 2,April,1,$7694.25
2013,Qtr 2,April,2,$6256.53
2013,Qtr 2,April,3,$7473.89
2013,Qtr 2,April,4,$9137.39
2013,Qtr 2,April,5,$5779.40
2013,Qtr 2,April,6,$9059.12
2013,Qtr 2,April,7,$4312.45
2013,Qtr 2,April,8,$3439.79
2013,Qtr 2,April,9,$6872.40
2013,Qtr 2,April,10,$7933.58
2013,Qtr 2,April,11,$4296.01
2013,Qtr 2,April,12,$6049.92
2013,Qtr 2,April,13,$5619.09
2013,Qtr 2,April,14,$4193.69
2013,Qtr 2,April,15,$4362.69
2013,Qtr 2,April,16,$1551.18
2013,Qtr 2,April,17,$5223.80
2013,Qtr 2,April,18,$5455.84
2013,Qtr 2,April,19,$6084.37
2013,Qtr 2,April,20,$7211.65
2013,Qtr 2,April,21,$7380.65
2013,Qtr 2,April,22,$9202.99
2013,Qtr 2,April,23,$3727.15
2013,Qtr 2,April,24,$7623.83
2013,Qtr 2,April,25,$6645.86
2013,Qtr 2,April,26,$7365.88
2013,Qtr 2,April,27,$5654.55
2013,Qtr 2,April,28,$9441.46
2013,Qtr 2,April,29,$9448.80
2013,Qtr 2,April,30,($50631.68)
2013,Qtr 2,May,1,$8376.07
2013,Qtr 2,May,2,$3676.66
2013,Qtr 2,May,3,$4302.10
2013,Qtr 2,May,4,$4500.81
2013,Qtr 2,May,5,$7280.92
2013,Qtr 2,May,6,$6050.08
2013,Qtr 2,May,7,$11308.16
2013,Qtr 2,May,8,$5214.87
2013,Qtr 2,May,9,$8858.23
2013,Qtr 2,May,10,$7410.27
2013,Qtr 2,May,11,$7868.13
2013,Qtr 2,May,12,$6900.51
2013,Qtr 2,May,13,$6229.26
2013,Qtr 2,May,14,$8934.18
2013,Qtr 2,May,15,$3524.26
2013,Qtr 2,May,16,$6127.18
2013,Qtr 2,May,17,$5647.29
2013,Qtr 2,May,18,$8118.03
2013,Qtr 2,May,19,$6103.48
2013,Qtr 2,May,20,$8472.50
2013,Qtr 2,May,21,$3407.41
2013,Qtr 2,May,22,$5457.51
2013,Qtr 2,May,23,$7419.04
2013,Qtr 2,May,24,$5448.83
2013,Qtr 2,May,25,$4194.17
2013,Qtr 2,May,26,$10080.22
2013,Qtr 2,May,27,$7977.23
2013,Qtr 2,May,28,$4908.48
2013,Qtr 2,May,29,$7155.38
2013,Qtr 2,May,30,($172163.20)
2013,Qtr 2,May,31,$10597.83
2013,Qtr 2,June,1,$14466.51
2013,Qtr 2,June,2,$17960.83
2013,Qtr 2,June,3,$11542.01
2013,Qtr 2,June,4,$5655.72
2013,Qtr 2,June,5,$13074.87
2013,Qtr 2,June,6,$11724.59
2013,Qtr 2,June,7,$13362.01
2013,Qtr 2,June,8,$8702.74
2013,Qtr 2,June,9,$17887.80
2013,Qtr 2,June,10,$8990.22
2013,Qtr 2,June,11,$12594.59
2013,Qtr 2,June,12,$10739.47
2013,Qtr 2,June,13,$12987.08
2013,Qtr 2,June,14,$9996.18
2013,Qtr 2,June,15,$12145.40
2013,Qtr 2,June,16,$6430.76
2013,Qtr 2,June,17,$6999.72
2013,Qtr 2,June,18,$17274.94
2013,Qtr 2,June,19,$4420.39
2013,Qtr 2,June,20,$11741.10
2013,Qtr 2,June,21,$10879.35
2013,Qtr 2,June,22,$18982.42
2013,Qtr 2,June,23,$10078.99
2013,Qtr 2,June,24,$15495.58
2013,Qtr 2,June,25,$8196.05
2013,Qtr 2,June,26,$8398.16
2013,Qtr 2,June,27,$19248.40
2013,Qtr 2,June,28,$8757.86
2013,Qtr 2,June,29,$13497.87
2013,Qtr 2,June,30,($240084.60)
2013,Qtr 3,July,1,$7362.85
2013,Qtr 3,July,2,$14870.93
2013,Qtr 3,July,3,$10070.24
2013,Qtr 3,July,4,$4803.47
2013,Qtr 3,July,5,$13380.30
2013,Qtr 3,July,6,$16436.86
2013,Qtr 3,July,7,$16872.70
2013,Qtr 3,July,8,$15072.83
2013,Qtr 3,July,9,$4160.60
2013,Qtr 3,July,10,$9384.74
2013,Qtr 3,July,11,$15887.10
2013,Qtr 3,July,12,$12021.99
2013,Qtr 3,July,13,$9598.52
2013,Qtr 3,July,14,$3831.12
2013,Qtr 3,July,15,$10617.63
2013,Qtr 3,July,16,$12362.83
2013,Qtr 3,July,17,$17804.24
2013,Qtr 3,July,18,$13716.27
2013,Qtr 3,July,19,$9228.17
2013,Qtr 3,July,20,$8784.38
2013,Qtr 3,July,21,$6849.20
2013,Qtr 3,July,22,$10223.81
2013,Qtr 3,July,23,$16487.68
2013,Qtr 3,July,24,$14310.80
2013,Qtr 3,July,25,$13840.48
2013,Qtr 3,July,26,$6966.26
2013,Qtr 3,July,27,$12976.67
2013,Qtr 3,July,28,$13613.90
2013,Qtr 3,July,29,$12251.29
2013,Qtr 3,July,30,$10297.69
2013,Qtr 3,July,31,($268262.32)
2013,Qtr 3,August,1,$16459.81
2013,Qtr 3,August,2,$16719.74
2013,Qtr 3,August,3,$11136.40
2013,Qtr 3,August,4,$15710.11
2013,Qtr 3,August,5,$14631.25
2013,Qtr 3,August,6,$12862.51
2013,Qtr 3,August,7,$15227.21
2013,Qtr 3,August,8,$17265.34
2013,Qtr 3,August,9,$13162.60
2013,Qtr 3,August,10,$9017.31
2013,Qtr 3,August,11,$16248.17
2013,Qtr 3,August,12,$24286.27
2013,Qtr 3,August,13,$15106.08
2013,Qtr 3,August,14,$13397.45
2013,Qtr 3,August,15,$9147.89
2013,Qtr 3,August,16,$10687.68
2013,Qtr 3,August,17,$13344.81
2013,Qtr 3,August,18,$23906.46
2013,Qtr 3,August,19,$18621.25
2013,Qtr 3,August,20,$9679.12
2013,Qtr 3,August,21,$17005.27
2013,Qtr 3,August,22,$15415.33
2013,Qtr 3,August,23,$10886.22
2013,Qtr 3,August,24,$12507.64
2013,Qtr 3,August,25,$11820.17
2013,Qtr 3,August,26,$15782.63
2013,Qtr 3,August,27,$9590.10
2013,Qtr 3,August,28,$9861.88
2013,Qtr 3,August,29,$12027.55
2013,Qtr 3,August,30,$6843.88
2013,Qtr 3,August,31,$16481.96
2013,Qtr 3,September,1,$13042.54
2013,Qtr 3,September,2,$13883.22
2013,Qtr 3,September,3,$17175.56
2013,Qtr 3,September,4,$18811.23
2013,Qtr 3,September,5,$10387.27
2013,Qtr 3,September,6,$18693.97
2013,Qtr 3,September,7,$16161.08
2013,Qtr 3,September,8,$12136.02
2013,Qtr 3,September,9,$16538.13
2013,Qtr 3,September,10,$15360.56
2013,Qtr 3,September,11,$13998.11
2013,Qtr 3,September,12,$14969.77
2013,Qtr 3,September,13,$15729.14
2013,Qtr 3,September,14,$10832.09
2013,Qtr 3,September,15,$15233.10
2013,Qtr 3,September,16,$18653.23
2013,Qtr 3,September,17,$16409.62
2013,Qtr 3,September,18,$9648.15
2013,Qtr 3,September,19,$13793.03
2013,Qtr 3,September,20,$18338.98
2013,Qtr 3,September,21,$16173.88
2013,Qtr 3,September,22,$7545.90
2013,Qtr 3,September,23,$11547.81
2013,Qtr 3,September,24,$19253.57
2013,Qtr 3,September,25,$12914.56
2013,Qtr 3,September,26,$14208.10
2013,Qtr 3,September,27,$11732.28
2013,Qtr 3,September,28,$14960.02
2013,Qtr 3,September,29,$14722.90
2013,Qtr 3,September,30,$33918.52
2013,Qtr 4,October,1,$16412.28
2013,Qtr 4,October,2,$19878.24
2013,Qtr 4,October,3,$11909.72
2013,Qtr 4,October,4,$14150.18
2013,Qtr 4,October,5,$15774.29
2013,Qtr 4,October,6,$16638.37
2013,Qtr 4,October,7,$11626.68
2013,Qtr 4,October,8,$18838.70
2013,Qtr 4,October,9,$21474.79
2013,Qtr 4,October,10,$7702.91
2013,Qtr 4,October,11,$15511.25
2013,Qtr 4,October,12,$15466.87
2013,Qtr 4,October,13,$14403.26
2013,Qtr 4,October,14,$17061.62
2013,Qtr 4,October,15,$15763.44
2013,Qtr 4,October,16,$17115.55
2013,Qtr 4,October,17,$16786.62
2013,Qtr 4,October,18,$18701.19
2013,Qtr 4,October,19,$11009.92
2013,Qtr 4,October,20,$15998.31
2013,Qtr 4,October,21,$24073.89
2013,Qtr 4,October,22,$15914.72
2013,Qtr 4,October,23,$25985.69
2013,Qtr 4,October,24,$14547.68
2013,Qtr 4,October,25,$18196.80
2013,Qtr 4,October,26,$20860.87
2013,Qtr 4,October,27,$21930.10
2013,Qtr 4,October,28,$17866.68
2013,Qtr 4,October,29,$14036.30
2013,Qtr 4,October,30,$56381.03
2013,Qtr 4,October,31,$20492.65
2013,Qtr 4,November,1,$26361.72
2013,Qtr 4,November,2,$21089.39
2013,Qtr 4,November,3,$23158.87
2013,Qtr 4,November,4,$29150.72
2013,Qtr 4,November,5,$30905.39
2013,Qtr 4,November,6,$19698.16
2013,Qtr 4,November,7,$19329.97
2013,Qtr 4,November,8,$12139.68
2013,Qtr 4,November,9,$23461.38
2013,Qtr 4,November,10,$29538.46
2013,Qtr 4,November,11,$24774.33
2013,Qtr 4,November,12,$24737.85
2013,Qtr 4,November,13,$23785.22
2013,Qtr 4,November,14,$15071.08
2013,Qtr 4,November,15,$20088.82
2013,Qtr 4,November,16,$27411.94
2013,Qtr 4,November,17,$27113.59
2013,Qtr 4,November,18,$26907.34
2013,Qtr 4,November,19,$26769.77
2013,Qtr 4,November,20,$14782.31
2013,Qtr 4,November,21,$21833.03
2013,Qtr 4,November,22,$18006.57
2013,Qtr 4,November,23,$21107.75
2013,Qtr 4,November,24,$24424.02
2013,Qtr 4,November,25,$19526.22
2013,Qtr 4,November,26,$22650.17
2013,Qtr 4,November,27,$23057.03
2013,Qtr 4,November,28,$24661.99
2013,Qtr 4,November,29,$24481.04
2013,Qtr 4,November,30,$16114.70
2013,Qtr 4,December,1,$17225.50
2013,Qtr 4,December,2,$20032.56
2013,Qtr 4,December,3,$16296.54
2013,Qtr 4,December,4,$16562.28
2013,Qtr 4,December,5,$15047.92
2013,Qtr 4,December,6,$21175.99
2013,Qtr 4,December,7,$21072.58
2013,Qtr 4,December,8,$14918.86
2013,Qtr 4,December,9,$20015.79
2013,Qtr 4,December,10,$20151.52
2013,Qtr 4,December,11,$18789.77
2013,Qtr 4,December,12,$17239.97
2013,Qtr 4,December,13,$19444.60
2013,Qtr 4,December,14,$20940.22
2013,Qtr 4,December,15,$18078.17
2013,Qtr 4,December,16,$12807.79
2013,Qtr 4,December,17,$11867.94
2013,Qtr 4,December,18,$14535.41
2013,Qtr 4,December,19,$24839.13
2013,Qtr 4,December,20,$15427.21
2013,Qtr 4,December,21,$16681.90
2013,Qtr 4,December,22,$16071.49
2013,Qtr 4,December,23,$28228.95
2013,Qtr 4,December,24,$13686.86
2013,Qtr 4,December,25,$18630.59
2013,Qtr 4,December,26,$22345.27
2013,Qtr 4,December,27,$22188.19
2013,Qtr 4,December,28,$16764.34
2013,Qtr 4,December,29,$18391.70
2013,Qtr 4,December,30,$14846.03
2013,Qtr 4,December,31,$36496.76
2014,Qtr 1,January,1,$20537.09
2014,Qtr 1,January,2,$24136.63
2014,Qtr 1,January,3,$19739.16
2014,Qtr 1,January,4,$22662.85
2014,Qtr 1,January,5,$19305.90
2014,Qtr 1,January,6,$28590.16
2014,Qtr 1,January,7,$26457.75
2014,Qtr 1,January,8,$16913.41
2014,Qtr 1,January,9,$20722.80
2014,Qtr 1,January,10,$15894.24
2014,Qtr 1,January,11,$13715.19
2014,Qtr 1,January,12,$17426.50
2014,Qtr 1,January,13,$21882.54
2014,Qtr 1,January,14,$26641.30
2014,Qtr 1,January,15,$14889.38
2014,Qtr 1,January,16,$25609.30
2014,Qtr 1,January,17,$24024.82
2014,Qtr 1,January,18,$17554.60
2014,Qtr 1,January,19,$34127.57
2014,Qtr 1,January,20,$18577.18
2014,Qtr 1,January,21,$18384.29
2014,Qtr 1,January,22,$19017.48
2014,Qtr 1,January,23,$24269.21
2014,Qtr 1,January,24,$11630.60
2014,Qtr 1,January,25,$14572.25
2014,Qtr 1,January,26,$19035.06
2014,Qtr 1,January,27,$24673.88
2014,Qtr 1,January,28,$19624.00
2014,Qtr 1,January,29,$35227.40
2014,Qtr 1,January,30,$16656.85
2014,Qtr 1,January,31,$14969.40
2014,Qtr 1,February,1,$14633.54
2014,Qtr 1,February,2,$23832.03
2014,Qtr 1,February,3,$12498.31
2014,Qtr 1,February,4,$20240.95
2014,Qtr 1,February,5,$20929.42
2014,Qtr 1,February,6,$23844.79
2014,Qtr 1,February,7,$18947.16
2014,Qtr 1,February,8,$19984.82
2014,Qtr 1,February,9,$32398.21
2014,Qtr 1,February,10,$24573.20
2014,Qtr 1,February,11,$17015.12
2014,Qtr 1,February,12,$15019.60
2014,Qtr 1,February,13,$11390.89
2014,Qtr 1,February,14,$19187.16
2014,Qtr 1,February,15,$23366.84
2014,Qtr 1,February,16,$23690.08
2014,Qtr 1,February,17,$21543.13
2014,Qtr 1,February,18,$17999.06
2014,Qtr 1,February,19,$15146.58
2014,Qtr 1,February,20,$21298.31
2014,Qtr 1,February,21,$20652.68
2014,Qtr 1,February,22,$13625.52
2014,Qtr 1,February,23,$17532.83
2014,Qtr 1,February,24,$26499.54
2014,Qtr 1,February,25,$19360.12
2014,Qtr 1,February,26,$13896.22
2014,Qtr 1,February,27,$22158.49
2014,Qtr 1,February,28,$21765.37
2014,Qtr 1,March,1,$28489.15
2014,Qtr 1,March,2,$21901.15
2014,Qtr 1,March,3,$26644.40
2014,Qtr 1,March,4,$24062.63
2014,Qtr 1,March,5,$11572.69
2014,Qtr 1,March,6,$26388.32
2014,Qtr 1,March,7,$18641.44
2014,Qtr 1,March,8,$19858.13
2014,Qtr 1,March,9,$21062.80
2014,Qtr 1,March,10,$20227.31
2014,Qtr 1,March,11,$16703.44
2014,Qtr 1,March,12,$20315.57
2014,Qtr 1,March,13,$10060.06
2014,Qtr 1,March,14,$22216.26
2014,Qtr 1,March,15,$20830.60
2014,Qtr 1,March,16,$19882.13
2014,Qtr 1,March,17,$18652.83
2014,Qtr 1,March,18,$27058.36
2014,Qtr 1,March,19,$28850.61
2014,Qtr 1,March,20,$20645.55
2014,Qtr 1,March,21,$18489.97
2014,Qtr 1,March,22,$22145.97
2014,Qtr 1,March,23,$27607.62
2014,Qtr 1,March,24,$24373.88
2014,Qtr 1,March,25,$20056.61
2014,Qtr 1,March,26,$23384.04
2014,Qtr 1,March,27,$33804.65
2014,Qtr 1,March,28,$26573.61
2014,Qtr 1,March,29,$23334.68
2014,Qtr 1,March,30,$24418.56
2014,Qtr 1,March,31,$7412.13
2014,Qtr 2,April,1,$14778.85
2014,Qtr 2,April,2,$24879.23
2014,Qtr 2,April,3,$23329.00
2014,Qtr 2,April,4,$29416.95
2014,Qtr 2,April,5,$23067.57
2014,Qtr 2,April,6,$29272.05
2014,Qtr 2,April,7,$25240.26
2014,Qtr 2,April,8,$29218.22
2014,Qtr 2,April,9,$21596.40
2014,Qtr 2,April,10,$25578.84
2014,Qtr 2,April,11,$25264.70
2014,Qtr 2,April,12,$19188.09
2014,Qtr 2,April,13,$24051.21
2014,Qtr 2,April,14,$26594.71
2014,Qtr 2,April,15,$29176.00
2014,Qtr 2,April,16,$22736.68
2014,Qtr 2,April,17,$19820.76
2014,Qtr 2,April,18,$25236.48
2014,Qtr 2,April,19,$32924.67
2014,Qtr 2,April,20,$28895.60
2014,Qtr 2,April,21,$24636.96
2014,Qtr 2,April,22,$24269.34
2014,Qtr 2,April,23,$27452.81
2014,Qtr 2,April,24,$26242.31
2014,Qtr 2,April,25,$20003.30
2014,Qtr 2,April,26,$22510.46
2014,Qtr 2,April,27,$24384.31
2014,Qtr 2,April,28,$25956.21
2014,Qtr 2,April,29,$19613.37
2014,Qtr 2,April,30,$31154.83
2014,Qtr 2,May,1,$3476.42
2014,Qtr 2,May,2,$14571.09
2014,Qtr 2,May,3,$24571.40
2014,Qtr 2,May,4,$19966.57
2014,Qtr 2,May,5,$27345.45
2014,Qtr 2,May,6,$34346.17
2014,Qtr 2,May,7,$37339.36
2014,Qtr 2,May,8,$25448.54
2014,Qtr 2,May,9,$26265.75
2014,Qtr 2,May,10,$24635.76
2014,Qtr 2,May,11,$34198.58
2014,Qtr 2,May,12,$22685.19
2014,Qtr 2,May,13,$23027.60
2014,Qtr 2,May,14,$39796.61
2014,Qtr 2,May,15,$27279.42
2014,Qtr 2,May,16,$23972.96
2014,Qtr 2,May,17,$29743.34
2014,Qtr 2,May,18,$24206.58
2014,Qtr 2,May,19,$29527.55
2014,Qtr 2,May,20,$27703.71
2014,Qtr 2,May,21,$33653.13
2014,Qtr 2,May,22,$28735.62
2014,Qtr 2,May,23,$19729.15
2014,Qtr 2,May,24,$27332.85
2014,Qtr 2,May,25,$31267.82
2014,Qtr 2,May,26,$28624.01
2014,Qtr 2,May,27,$23407.86
2014,Qtr 2,May,28,$32544.96
2014,Qtr 2,May,29,$25294.12
2014,Qtr 2,May,30,$20776.27
2014,Qtr 2,May,31,$999.72
2014,Qtr 2,June,1,$826.41
2014,Qtr 2,June,2,$986.65
2014,Qtr 2,June,3,$744.95
2014,Qtr 2,June,4,$666.86
2014,Qtr 2,June,5,$1000.13
2014,Qtr 2,June,6,$753.73
2014,Qtr 2,June,7,$1342.86
2014,Qtr 2,June,8,$611.39
2014,Qtr 2,June,9,$920.54
2014,Qtr 2,June,10,$808.14
2014,Qtr 2,June,11,$1048.55
2014,Qtr 2,June,12,$505.00
2014,Qtr 2,June,13,$1099.06
2014,Qtr 2,June,14,$786.77
2014,Qtr 2,June,15,$898.13
2014,Qtr 2,June,16,$1025.97
2014,Qtr 2,June,17,$800.28
2014,Qtr 2,June,18,$1160.26
2014,Qtr 2,June,19,$995.13
2014,Qtr 2,June,20,$598.51
2014,Qtr 2,June,21,$987.77
2014,Qtr 2,June,22,$802.90
2014,Qtr 2,June,23,$1116.56
2014,Qtr 2,June,24,$749.29
2014,Qtr 2,June,25,$987.62
2014,Qtr 2,June,26,$870.71
2014,Qtr 2,June,27,$964.97
2014,Qtr 2,June,28,$997.75
2014,Qtr 2,June,29,$817.30
2014,Qtr 2,June,30,$1491.80
